Tempo,Resposta
128,1
588,1
948,1
1308,2
1716,3
2128,3
2540,3
2932,2
3348,3
3756,3
4168,4
4580,4
4972,4
5388,3
5796,5
6208,5
6620,4
7012,4
7428,4
7836,5
8248,5
8660,5
9052,5
9468,5
9876,6
10288,6
10868,6
11548,7
12228,8
12908,7
13588,8
14268,9
14948,7
15628,9
16308,9
16988,8
17668,9
18348,11
19100,9
19796,10
20544,11
21308,9
22004,11
22756,11
23520,11
24284,12
25048,11
25816,11
26580,13
27344,10
28108,12
28876,11
29640,11
30404,12
31168,10
31936,11
32700,13
33464,10
34228,12
34996,11
35760,11
36524,12
37288,10
38056,11
38820,13
39584,10
40348,12
41116,11
41880,11
42644,12
43408,10
44176,11
44940,13
45704,10
46468,12
47236,11
48000,11
48764,12
49528,11
50296,11
51060,13
51824,10
52588,12
53356,11
54120,11
54884,12
55648,11
56416,11
57180,13
57944,10
58708,12
59476,11
60240,11
61004,12
61768,10
62536,11
63300,13
64064,10
64828,12
65596,11
66360,11
67124,12
67888,11
68656,11
69420,13
70184,10
70948,12
71716,11
72480,11
73244,12
74008,11
74776,11
75540,13
76304,10
77068,12
77840,11
78600,11
79364,12
80128,10
80900,11
81660,13
82424,10
83188,12
83956,11
84720,11
85484,12
86248,11
87016,12
87780,13
88544,10
89308,12
90076,11
90840,11
91604,12
92368,11
93136,11
93900,13
94664,10
95428,12
96196,11
96960,11
97724,12
98488,11
99256,12
100020,12
100868,11
101720,12
102568,10
103420,12
104268,11
105120,11
105968,12
106820,11
107668,12
108520,11
109368,11
110220,12
111068,11
111920,12
112768,11
113620,12
114468,11
115320,11
116168,12
117020,10
117868,12
118720,11
119568,11
120420,12
121268,10
122120,12
122968,10
123820,12
124668,11
125520,11
126368,12
127220,10
128068,12
128920,11
129768,11
130620,11
131468,11
132320,12
133168,11
134020,12
134868,11
135720,11
136568,12
137420,11
138268,12
139120,11
139968,11
140820,11
141668,11
142520,12
143376,11
144220,12
145068,11
145920,11
146768,12
147620,10
148468,11
149320,11
150168,11
151020,12
151868,11
152720,12
153568,10
154420,12
155268,11
156120,11
156968,12
157820,11
158668,11
159520,11
160368,11
161220,12
162068,11
162920,12
163768,11
164620,12
165468,11
166320,11
167168,12
168020,10
168868,12
169720,11
170568,11
171420,11
172268,11
173120,12
173968,11
174820,12
175668,11
176520,11
177368,12
178220,10
179068,12
179920,11
180768,11
181620,11
182468,11
183320,12
184168,10
185020,11
185868,11
186720,11
187568,12
188424,10
189268,12
190120,11
190968,12
191820,11
192668,11
193520,12
194368,11
195220,12
196068,11
196920,11
197768,12
198620,10
199468,12
200320,11
201168,11
202020,12
202868,11
203720,12
204568,11
205420,12
206268,11
207120,11
207968,12
208820,10
209668,12
210520,11
211368,11
212220,11
213068,11
213920,12
214768,11
215620,12
216468,11
217320,11
218168,12
219020,10
219868,12
220720,11
221568,11
222420,12
223268,11
224120,12
224968,10
225820,12
226668,11
227520,11
228372,12
229220,10
230068,12
230920,11
231768,11
232620,11
233468,11
234320,12
235168,11
236020,12
236868,11
237720,11
238568,12
239420,10
240268,12
241120,11
241968,11
242820,11
243668,11
244520,12
245368,11
246220,12
247068,11
247920,11
248768,12
249620,10
250468,12
251320,11
252168,11
253020,12
253868,11
254720,12
255568,11
256420,11
257268,11
258120,11
258968,12
259820,11
260668,12
261520,11
262368,11
263220,11
264068,11
264920,12
265768,11
266620,12
267468,11
268320,11
269168,12
270020,10
270868,12
271720,11
272568,11
273424,12
274268,11
275120,12
275968,10
276820,12
277668,11
278520,11
279368,12
280220,10
281068,12
281920,11
282768,11
283620,12
284468,11
285320,12
286168,10
287020,11
287868,11
288720,11
289568,12
290420,10
291268,12
292120,11
292968,11
293820,12
294668,11
295520,12
296368,11
297220,12
298068,11
298920,11
299768,12
300620,10
301468,12
302320,11
303168,11
304020,12
304868,11
305720,12
306568,10
307420,12
308268,11
309120,11
309968,12
310820,10
311668,12
312520,11
313368,11
314220,12
315068,11
315920,12
316768,11
317620,12
318476,11
319320,11
320168,12
321020,10
321868,12
322720,11
323568,11
324420,12
325268,11
326120,12
326968,10
327820,12
328668,11
329520,11
330368,12
331220,10
332068,12
332920,11
333768,11
334620,11
335468,11
336320,12
337168,11
338020,12
338868,11
339720,11
340568,12
341420,10
342268,12
343120,11
343968,11
344820,11
345668,11
346520,12
347368,11
348220,12
349068,11
349920,11
350768,12
351620,10
352468,12
353320,11
354168,11
355020,11
355868,11
356720,12
357568,10
358420,11
359268,11
360120,11
360968,12
361820,10
362668,12
363524,11
364368,11
365220,11
366068,11
366920,12
367768,11
368620,12
369468,11
370320,11
371168,12
372020,10
372868,12
373720,11
374568,11
375420,12
376268,11
377120,12
377968,10
378820,12
379668,11
380520,11
381368,12
382220,10
383068,12
383920,11
384768,11
385620,12
386468,11
387320,12
388168,11
389020,12
389868,11
390720,11
391568,12
392420,10
393268,12
394120,11
394968,11
395820,12
396668,11
397520,12
398368,11
399220,12
400068,11
400920,11
401768,12
402620,10
403476,12
404320,11
405168,11
406020,12
406868,11
407720,12
408568,10
409420,12
410268,11
411120,11
411968,12
412820,10
413668,12
414520,11
415368,11
416220,12
417068,11
417920,12
418768,11
419620,12
420468,11
421320,11
422168,12
423020,10
423868,12
424720,11
425568,11
426420,12
427268,11
428120,12
428968,10
429820,11
430668,11
431520,11
432368,12
433220,10
434068,12
434920,11
435768,11
436620,11
437468,11
438320,12
439168,10
440020,12
440868,11
441720,11
442568,12
443420,11
444268,12
445120,11
445968,11
446820,11
447668,11
448524,12
449368,11
450220,11
451068,11
451920,11
452768,12
453620,10
454468,12
455320,11
456168,11
457020,12
457868,11
458720,12
459568,10
460420,12
461268,11
462120,11
462968,12
463820,10
464668,12
465520,11
466368,11
467220,12
468068,11
468920,12
469768,11
470620,12
471468,11
472320,11
473168,12
474020,10
474868,12
475720,11
476568,11
477420,12
478268,11
479120,12
479968,10
480820,12
481668,11
482520,11
483368,12
484220,10
485068,12
485920,11
486768,11
487620,11
488468,11
489320,12
490168,10
491020,12
491868,11
492720,11
493576,12
494420,10
495268,12
496120,11
496968,11
497820,11
498668,11
499520,12
500368,11
501220,12
502068,11
502920,11
503768,13
504620,10
505468,12
506320,11
507168,12
508020,12
508868,11
509720,12
510568,10
511420,12
512268,11
513120,11
513968,12
514820,11
515668,12
516520,11
517368,11
518220,12
519068,11
519920,12
520768,11
521620,12
522468,11
523320,11
524168,12
525020,10
525868,12
526720,11
527568,11
528420,11
529268,11
530120,12
530968,10
531820,12
532668,11
533524,11
534368,13
535220,10
536068,12
536920,11
537768,11
538620,12
539468,11
540320,12
541168,10
542020,11
542868,11
543720,11
544568,12
545420,10
546268,12
547120,11
547968,11
548820,11
549668,11
550520,12
551368,11
552220,11
553068,11
553920,11
554768,12
555620,10
556468,12
557320,11
558168,11
559020,11
559868,11
560720,12
561568,10
562420,12
563268,11
564120,11
564968,12
565820,11
566668,12
567520,11
568368,11
569220,12
570068,11
570920,12
571768,11
572620,12
573468,11
574320,11
575168,12
576020,10
576868,12
577720,11
578576,11
579420,12
580268,11
581120,12
581968,10
582820,11
583668,11
584520,11
585368,12
586220,10
587068,12
587920,11
588768,11
589620,12
590468,11
591320,12
592168,10
593020,11
593868,11
594720,11
595568,12
596420,11
597268,12
598120,11
598968,11
599820,12
600668,11
601520,12
602368,11
603220,12
604068,11
604920,11
605768,12
606620,10
607468,12
608320,11
609168,11
610020,12
610868,11
611720,12
612568,10
613420,12
614268,11
615120,11
615968,12
616820,10
617668,12
618520,11
619368,11
620220,12
621068,11
621920,12
622768,11
623624,12
624468,11
625320,11
626168,12
627020,10
627868,12
628720,11
629568,11
630420,12
631268,11
632120,12
632968,10
633820,11
634668,11
635520,11
636368,12
637220,10
638068,12
638920,11
639768,11
640620,11
641468,11
642320,12
643168,11
644020,12
644868,11
645720,11
646568,12
647420,11
648268,12
649120,11
649968,11
650820,12
651668,11
652520,12
653368,11
654220,11
655068,11
655920,11
656768,12
657620,10
658468,11
659320,11
660168,11
661020,12
661868,11
662720,12
663572,10
664420,11
665268,11
666120,11
666968,12
667820,10
668668,12
669520,11
670368,11
671220,11
672068,11
672920,12
673768,11
674620,12
675468,11
676320,11
677168,12
678020,10
678868,11
679720,11
680568,11
681420,12
682268,11
683120,12
683968,10
684820,12
685668,11
686520,11
687368,12
688220,10
689068,12
689920,11
690768,11
691620,11
692468,11
693320,12
694168,10
695020,12
695868,11
696720,11
697568,12
698420,10
699268,12
700120,11
700968,11
701820,11
702668,10
703520,12
704368,11
705220,12
706068,11
706920,11
707768,13
708624,10
709468,12
710320,11
711168,11
712020,11
712868,11
713720,12
714568,10
715420,12
716268,11
717120,11
717968,12
718820,11
719668,12
720520,11
721368,11
722220,12
723068,11
723920,12
724768,11
725620,12
726468,11
727320,11
728168,12
729020,10
729868,12
730720,11
731568,11
732420,11
733268,11
734120,12
734968,10
735820,12
736668,11
737520,11
738368,12
739220,10
740068,12
740920,11
741768,11
742620,12
743468,11
744320,12
745168,11
746020,12
746868,11
747720,11
748568,12
749420,11
750268,12
751120,11
751968,11
752820,12
753676,11
754520,12
755368,11
756220,11
757068,11
757920,11
758768,12
759620,10
760468,12
761320,11
762168,11
763020,11
763868,11
764720,12
765568,11
766420,12
767268,11
768120,11
768968,12
769820,11
770668,12
771520,11
772368,11
773220,12
774068,11
774920,12
775768,11
776620,12
777468,11
778320,11
779168,12
780020,10
780868,12
781720,11
782568,11
783420,12
784268,11
785120,12
785968,11
786820,12
787668,11
788520,11
789368,12
790220,10
791068,12
791920,11
792768,11
793620,12
794468,11
795320,12
796168,10
797020,11
797868,11
798724,11
799568,12
800420,10
801268,12
802120,11
802968,11
803820,12
804668,11
805520,12
806368,11
807220,11
808068,11
808920,11
809768,12
810620,10
811468,12
812320,11
813168,11
814020,12
814868,11
815720,12
816568,11
817420,12
818268,11
819120,11
819968,12
820820,10
821668,12
822520,11
823368,11
824220,12
825068,11
825920,12
826768,11
827620,12
828468,11
829320,11
830168,12
831020,10
831868,12
832720,11
833568,11
834420,12
835268,11
836120,12
836968,10
837820,12
838676,11
839520,11
840368,12
841220,10
842068,12
842920,11
843768,11
844620,11
845468,11
846320,12
847168,10
848020,12
848868,11
849720,11
850568,12
851420,11
852268,12
853120,11
853968,11
854820,12
855668,11
856520,12
857368,11
858220,11
859068,11
859920,11
860768,12
861620,10
862468,12
863320,11
864168,11
865020,12
865868,11
866720,12
867568,10
868420,11
869268,11
870120,11
870968,12
871820,11
872668,12
873520,11
874368,12
875220,11
876068,11
876920,12
877768,11
878620,11
879468,11
880320,11
881168,12
882020,10
882868,12
883724,11
884568,11
885420,12
886268,11
887120,12
887968,10
888820,12
889668,11
890520,11
891368,12
892220,10
893068,12
893920,11
894768,11
895620,12
896468,11
897320,12
898168,10
899020,11
899868,11
900720,11
901568,12
902420,10
903268,12
904120,11
904968,11
905820,11
906668,11
907520,12
908368,11
909220,12
910068,11
910920,11
911768,12
912620,10
913468,12
914320,11
915168,11
916020,12
916868,11
917720,12
918568,11
919420,12
920268,11
921120,11
921968,12
922820,11
923668,12
924520,11
925368,11
926220,12
927068,11
927920,12
928776,11
929620,12
930468,11
931320,11
932168,12
933020,10
933868,12
934720,11
935568,11
936420,12
937268,11
938120,12
938968,10
939820,12
940668,11
941520,11
942368,12
943220,10
944068,12
944920,11
945768,11
946620,12
947468,11
948320,12
949168,10
950020,12
950868,11
951720,11
952568,12
953420,11
954268,12
955120,11
955968,11
956820,11
957668,11
958520,12
959368,11
960220,12
961068,11
961920,11
962768,12
963620,10
964468,12
965320,11
966168,11
967020,11
967868,11
968724,12
969568,10
970420,11
971268,11
972120,11
972968,12
973820,11
974668,12
975520,11
976368,11
977220,12
978068,10
978920,12
979768,11
980620,12
981468,11
982320,11
983168,12
984020,10
984868,12
985720,11
986568,11
987420,12
988268,11
989120,12
989968,11
990820,12
991668,11
992520,11
993368,12
994220,10
995068,12
995920,11
996768,11
997620,12
998468,11
999320,12
1000168,11
1001104,12
1002040,11
1002976,12
1003908,11
1004844,11
1005780,12
1006716,11
1007648,13
1008584,11
1009520,12
1010456,10
1011388,12
1012324,11
1013260,12
1014196,11
1015128,12
1016064,11
1017000,11
1017936,12
1018868,11
1019804,12
1020740,10
1021676,12
1022608,11
1023544,12
1024480,11
1025416,12
1026348,11
1027284,11
1028220,11
1029156,11
1030088,13
1031024,11
1031960,12
1032896,11
1033828,12
1034764,11
1035700,12
1036636,11
1037568,12
1038504,11
1039440,11
1040376,12
1041308,11
1042244,12
1043180,10
1044116,12
1045048,11
1045984,11
1046920,11
1047856,12
1048788,11
1049724,11
1050660,11
1051596,11
1052528,13
1053464,11
1054400,12
1055336,11
1056268,12
1057204,11
1058140,12
1059076,11
1060008,12
1060944,11
1061880,11
1062816,12
1063748,11
1064684,12
1065620,10
1066556,12
1067488,11
1068424,12
1069360,11
1070296,12
1071228,11
1072164,11
1073100,11
1074036,11
1074968,13
1075904,11
1076840,12
1077776,11
1078708,12
1079644,11
1080580,12
1081516,11
1082448,12
1083384,11
1084320,11
1085256,12
1086188,11
1087124,12
1088060,10
1088996,12
1089928,11
1090864,12
1091800,11
1092736,12
1093668,11
1094604,11
1095540,12
1096476,11
1097408,13
1098344,11
1099280,12
1100216,10
1101148,12
1102084,11
1103020,12
1103956,11
1104888,12
1105824,11
1106760,11
1107696,12
1108628,11
1109564,12
1110500,10
1111436,12
1112368,11
1113304,12
1114240,11
1115176,11
1116108,11
1117044,11
1117980,12
1118916,11
1119848,13
1120784,11
1121720,12
1122656,10
1123588,12
1124524,11
1125460,12
1126396,11
1127328,12
1128264,11
1129200,11
1130136,12
1131068,11
1132004,12
1132940,10
1133876,12
1134808,11
1135744,12
1136680,11
1137616,12
1138548,11
1139484,11
1140420,11
1141356,11
1142288,13
1143224,11
1144160,12
1145096,10
1146028,12
1146964,11
1147900,12
1148836,11
1149768,12
1150704,11
1151640,11
1152576,12
1153508,11
1154444,12
1155380,10
1156316,12
1157248,11
1158184,12
1159120,11
1160056,12
1160988,11
1161924,12
1162860,11
1163796,11
1164728,13
1165664,11
1166600,12
1167536,11
1168468,12
1169404,11
1170340,12
1171276,11
1172208,12
1173144,11
1174080,11
1175016,12
1175948,11
1176884,12
1177820,10
1178756,12
1179688,11
1180624,12
1181560,11
1182496,12
1183428,11
1184364,11
1185300,12
1186236,11
1187168,13
1188104,11
1189040,12
1189976,11
1190908,12
1191844,11
1192780,12
1193716,11
1194648,12
1195584,11
1196520,11
1197456,11
1198388,11
1199324,12
1200260,10
1201196,12
1202128,11
1203064,12
1204000,11
1204936,12
1205868,11
1206804,12
1207740,11
1208676,11
1209608,13
1210544,11
1211480,12
1212420,10
1213348,12
1214284,11
1215220,12
1216156,11
1217088,12
1218024,11
1218960,11
1219896,12
1220828,11
1221764,13
1222700,10
1223636,12
1224568,11
1225504,12
1226440,11
1227376,12
1228308,11
1229244,11
1230180,12
1231116,11
1232048,13
1232984,11
1233924,12
1234856,11
1235788,12
1236724,11
1237660,12
1238596,11
1239528,12
1240464,11
1241400,11
1242336,12
1243268,11
1244204,13
1245140,10
1246076,12
1247008,11
1247944,12
1248880,11
1249816,11
1250748,11
1251684,12
1252620,11
1253556,11
1254488,13
1255432,11
1256360,12
1257296,10
1258228,12
1259164,11
1260100,12
1261036,11
1261968,12
1262904,11
1263840,11
1264776,12
1265708,11
1266644,12
1267580,10
1268516,12
1269448,11
1270384,12
1271320,11
1272256,12
1273188,11
1274124,11
1275060,12
1275996,11
1276936,13
1277864,11
1278800,12
1279736,11
1280668,12
1281604,11
1282540,12
1283476,11
1284408,12
1285344,11
1286280,11
1287216,12
1288148,11
1289084,12
1290020,10
1290956,12
1291888,11
1292824,12
1293760,11
1294696,12
1295628,11
1296564,11
1297500,11
1298440,11
1299368,13
1300304,11
1301240,12
1302176,10
1303108,12
1304044,11
1304980,12
1305916,11
1306848,12
1307784,11
1308720,11
1309656,12
1310588,11
1311524,12
1312460,10
1313396,12
1314328,11
1315264,12
1316200,11
1317136,12
1318068,11
1319004,11
1319944,12
1320876,11
1321808,13
1322744,11
1323680,12
1324616,11
1325548,12
1326484,11
1327420,12
1328356,11
1329288,12
1330224,11
1331160,11
1332096,11
1333028,11
1333964,12
1334900,10
1335836,12
1336768,11
1337704,12
1338640,11
1339576,12
1340508,11
1341452,12
1342380,12
1343316,11
1344248,13
1345184,11
1346120,12
1347056,10
1347988,12
1348924,11
1349860,12
1350796,11
1351728,12
1352664,11
1353600,11
1354536,12
1355468,11
1356404,13
1357340,10
1358276,12
1359208,11
1360144,12
1361080,11
1362016,11
1362956,11
1363884,11
1364820,12
1365756,11
1366688,13
1367624,11
1368560,12
1369496,10
1370428,12
1371364,11
1372300,12
1373236,11
1374168,12
1375104,11
1376040,11
1376976,12
1377908,11
1378844,12
1379780,10
1380716,12
1381648,11
1382584,12
1383520,11
1384460,12
1385388,11
1386324,11
1387260,11
1388196,11
1389128,13
1390064,11
1391000,12
1391936,11
1392868,12
1393804,11
1394740,12
1395676,11
1396608,12
1397544,11
1398480,11
1399416,12
1400348,11
1401284,12
1402220,10
1403156,12
1404088,11
1405024,12
1405964,11
1406896,12
1407828,11
1408764,11
1409700,11
1410636,11
1411568,13
1412504,11
1413440,12
1414376,11
1415308,12
1416244,11
1417180,12
1418116,11
1419048,12
1419984,11
1420920,11
1421856,12
1422788,11
1423724,12
1424660,10
1425596,12
1426528,11
1427472,12
1428400,11
1429336,12
1430268,11
1431204,11
1432140,12
1433076,11
1434008,13
1434944,11
1435880,12
1436816,11
1437748,12
1438684,11
1439620,12
1440556,11
1441488,12
1442424,11
1443360,11
1444296,11
1445228,11
1446164,13
1447100,10
1448036,12
1448976,11
1449904,12
1450840,11
1451776,12
1452708,11
1453644,11
1454580,11
1455516,11
1456448,13
1457384,11
1458320,12
1459256,11
1460188,12
1461124,11
1462060,12
1462996,11
1463928,12
1464864,11
1465800,11
1466736,12
1467668,11
1468604,12
1469540,10
1470480,12
1471408,11
1472344,12
1473280,11
1474216,12
1475148,11
1476084,11
1477020,12
1477956,11
1478888,13
1479824,11
1480760,12
1481696,10
1482628,12
1483564,11
1484500,12
1485436,11
1486368,12
1487304,11
1488240,11
1489176,12
1490108,11
1491044,13
1491984,10
1492916,12
1493848,11
1494784,12
1495720,11
1496656,11
1497588,11
1498524,11
1499460,12
1500396,11
1501328,13
1502264,11
1503200,12
1504136,11
1505068,12
1506004,11
1506940,12
1507876,11
1508808,12
1509744,11
1510680,11
1511616,12
1512548,11
1513492,12
1514420,10
1515356,12
1516288,11
1517224,12
1518160,11
1519096,12
1520028,11
1520964,11
1521900,11
1522836,11
1523768,13
1524704,11
1525640,12
1526576,11
1527508,12
1528444,11
1529380,12
1530316,11
1531248,12
1532184,11
1533120,11
1534056,12
1534996,11
1535924,12
1536860,10
1537796,12
1538728,11
1539664,12
1540600,11
1541536,12
1542468,11
1543404,11
1544340,12
1545276,11
1546208,13
1547144,11
1548080,12
1549016,11
1549948,12
1550884,11
1551820,12
1552756,11
1553688,12
1554624,11
1555560,11
1556500,12
1557428,11
1558364,12
1559300,10
1560236,12
1561168,11
1562104,12
1563040,11
1563976,12
1564908,11
1565844,11
1566780,12
1567716,11
1568648,13
1569584,11
1570520,12
1571456,10
1572388,12
1573324,11
1574260,12
1575196,11
1576128,12
1577064,11
1578004,11
1578936,11
1579868,11
1580804,12
1581740,10
1582676,12
1583608,11
1584544,12
1585480,11
1586416,12
1587348,11
1588284,11
1589220,12
1590156,11
1591088,13
1592024,11
1592960,13
1593896,11
1594828,12
1595764,11
1596700,12
1597636,11
1598568,12
1599508,11
1600440,11
1601376,12
1602308,11
1603244,13
1604180,10
1605116,12
1606048,11
1606984,12
1607920,11
1608856,11
1609788,11
1610724,11
1611660,11
1612596,11
1613528,13
1614464,11
1615400,12
1616336,10
1617268,12
1618204,11
1619140,12
1620076,11
1621012,12
1621944,11
1622880,11
1623816,12
1624748,11
1625684,12
1626620,10
1627556,12
1628488,11
1629424,11
1630360,11
1631296,12
1632228,11
1633164,12
1634100,12
1635036,11
1635968,13
1636904,11
1637840,12
1638776,10
1639708,12
1640644,11
1641580,12
1642516,11
1643448,12
1644384,11
1645320,11
1646256,11
1647188,11
1648124,12
1649060,10
1649996,12
1650928,11
1651864,12
1652800,11
1653736,11
1654668,11
1655604,11
1656540,11
1657476,11
1658408,13
1659344,11
1660280,13
1661216,10
1662148,12
1663084,11
1664020,12
1664956,11
1665888,12
1666824,11
1667760,11
1668696,12
1669628,11
1670564,13
1671500,10
1672436,12
1673368,11
1674304,12
1675240,11
1676176,12
1677108,11
1678044,11
1678980,11
1679916,11
1680848,13
1681784,11
1682720,12
1683656,11
1684588,12
1685524,11
1686460,12
1687396,11
1688328,12
1689264,11
1690200,11
1691136,11
1692068,11
1693004,12
1693940,10
1694876,12
1695808,10
1696744,12
1697680,11
1698616,12
1699548,11
1700484,11
1701420,12
1702356,11
1703288,13
1704224,11
1705160,13
1706096,11
1707028,12
1707964,11
1708900,12
1709836,11
1710768,12
1711704,11
1712640,11
1713576,12
1714508,11
1715444,12
1716380,10
1717316,12
1718248,11
1719184,12
1720120,11
1721056,12
1721988,11
1722924,11
1723860,11
1724796,11
1725728,13
1726664,11
1727600,12
1728536,10
1729468,12
1730404,11
1731340,12
1732276,11
1733208,12
1734144,11
1735080,11
1736016,11
1736948,11
1737884,13
1738820,10
1739756,12
1740688,11
1741624,12
1742560,11
1743496,12
1744428,11
1745364,11
1746300,11
1747236,11
1748168,13
1749104,11
1750040,12
1750976,11
1751908,12
1752844,11
1753780,12
1754716,11
1755648,12
1756584,11
1757520,11
1758456,12
1759388,11
1760324,12
1761260,10
1762196,12
1763128,11
1764064,12
1765000,11
1765936,12
1766868,11
1767804,11
1768740,11
1769676,11
1770608,13
1771544,11
1772480,12
1773416,11
1774348,12
1775284,11
1776220,12
1777156,11
1778088,12
1779024,11
1779960,11
1780896,12
1781828,11
1782764,12
1783700,10
1784636,12
1785568,11
1786504,12
1787440,11
1788376,12
1789308,11
1790244,11
1791180,11
1792116,11
1793048,13
1793984,11
1794920,12
1795856,11
1796788,12
1797724,11
1798660,12
1799596,11
1800528,12
1801464,11
1802400,11
1803336,12
1804268,11
1805204,12
1806140,10
1807076,12
1808008,11
1808944,12
1809880,11
1810816,12
1811748,11
1812684,11
1813620,12
1814556,11
1815488,13
1816424,11
1817360,12
1818296,10
1819228,12
1820164,11
1821100,12
1822036,11
1822968,11
1823904,11
1824840,11
1825776,11
1826708,11
1827644,13
1828580,10
1829516,12
1830448,11
1831384,12
1832320,11
1833256,12
1834188,11
1835124,12
1836060,12
1836996,11
1837928,13
1838864,11
1839800,12
1840736,11
1841668,12
1842604,11
1843540,12
1844476,11
1845408,12
1846344,11
1847280,11
1848216,12
1849148,11
1850084,13
1851020,10
1851956,12
1852888,11
1853824,12
1854760,11
1855696,11
1856628,11
1857564,12
1858500,11
1859436,11
1860368,13
1861304,11
1862240,12
1863176,10
1864108,12
1865044,11
1865980,12
1866916,11
1867848,12
1868784,11
1869720,11
1870656,12
1871588,11
1872524,12
1873460,10
1874396,12
1875328,11
1876264,12
1877200,11
1878136,12
1879068,11
1880004,11
1880940,12
1881876,11
1882808,13
1883744,11
1884680,12
1885616,11
1886548,12
1887484,11
1888420,12
1889356,11
1890288,12
1891224,11
1892160,11
1893096,12
1894028,11
1894964,12
1895900,10
1896836,12
1897768,11
1898704,12
1899640,11
1900576,11
1901508,11
1902444,12
1903380,12
1904316,11
1905248,13
1906184,11
1907120,12
1908056,10
1908988,12
1909924,11
1910860,12
1911796,11
1912728,12
1913664,11
1914600,11
1915536,12
1916468,11
1917404,13
1918340,10
1919276,12
1920208,11
1921144,12
1922080,11
1923016,12
1923948,11
1924884,12
1925820,11
1926756,11
1927688,13
1928624,11
1929560,12
1930496,10
1931428,12
1932364,11
1933300,12
1934236,11
1935168,12
1936104,11
1937040,11
1937976,12
1938908,11
1939844,13
1940780,10
1941716,12
1942648,11
1943584,12
1944520,11
1945456,11
1946388,11
1947324,11
1948260,12
1949196,11
1950128,13
1951064,11
1952000,12
1952936,11
1953868,12
1954804,11
1955740,12
1956676,11
1957608,12
1958544,11
1959480,11
1960416,12
1961348,11
1962284,13
1963220,10
1964156,12
1965088,11
1966024,12
1966960,11
1967896,11
1968828,11
1969764,11
1970700,12
1971636,11
1972568,13
1973504,11
1974440,13
1975376,10
1976308,12
1977244,11
1978180,12
1979116,11
1980048,12
1980984,11
1981920,11
1982856,12
1983788,11
1984724,13
1985660,10
1986596,12
1987528,11
1988464,12
1989400,11
1990336,11
1991268,11
1992204,12
1993140,11
1994076,11
1995008,13
1995944,11
1996880,12
1997816,11
1998748,12
1999684,11
2000620,12
2001556,11
2002488,12
2003424,11
2004360,11
2005296,12
2006228,11
2007164,12
2008100,10
2009036,12
2009968,11
2010904,12
2011840,11
2012776,12
2013708,11
2014644,11
2015580,12
2016516,11
2017448,13
2018384,11
2019320,12
2020256,10
2021188,12
2022124,11
2023060,12
2023996,11
2024928,12
2025864,11
2026800,11
2027736,12
2028668,11
2029604,13
2030540,10
2031476,12
2032408,11
2033344,12
2034280,11
2035216,12
2036148,11
2037084,12
2038020,11
2038956,11
2039888,13
2040824,11
2041760,12
2042696,11
2043628,12
2044564,11
2045500,12
2046436,11
2047368,12
2048304,11
2049240,11
2050176,11
2051108,11
2052044,12
2052980,10
2053916,12
2054848,11
2055784,12
2056720,11
2057656,12
2058588,11
2059524,11
2060460,12
2061396,11
2062328,13
2063264,11
2064200,12
2065136,11
2066068,12
2067004,11
2067940,12
2068876,11
2069808,12
2070744,11
2071680,11
2072616,12
2073548,11
2074484,12
2075420,10
2076356,12
2077288,11
2078224,12
2079160,11
2080096,12
2081028,11
2081964,11
2082900,12
2083836,11
2084768,13
2085704,11
2086640,12
2087576,11
2088508,12
2089444,11
2090380,12
2091316,11
2092248,12
2093184,11
2094120,11
2095056,12
2095988,11
2096924,12
2097860,10
2098796,12
2099728,11
2100664,12
2101600,11
2102536,12
2103468,11
2104404,11
2105340,11
2106276,11
2107208,13
2108144,11
2109080,13
2110016,11
2110948,12
2111884,11
2112820,12
2113756,11
2114688,12
2115624,11
2116560,11
2117496,12
2118428,11
2119364,12
2120300,10
2121236,12
2122168,11
2123104,12
2124040,11
2124976,12
2125908,11
2126844,11
2127780,12
2128716,11
2129648,13
2130584,11
2131520,12
2132456,11
2133388,12
2134324,11
2135260,12
2136196,11
2137128,12
2138064,11
2139000,11
2139936,11
2140868,11
2141804,12
2142740,10
2143676,12
2144608,11
2145544,12
2146480,11
2147416,12
2148348,11
2149284,11
2150220,11
2151156,11
2152088,13
2153024,11
2153960,12
2154896,11
2155828,12
2156764,11
2157700,12
2158636,11
2159568,12
2160504,11
2161440,11
2162376,12
2163308,11
2164244,13
2165180,10
2166116,12
2167048,11
2167984,12
2168920,11
2169860,12
2170788,11
2171724,11
2172660,12
2173596,11
2174528,13
2175464,11
2176400,12
2177336,11
2178268,12
2179204,11
2180140,12
2181076,11
2182008,12
2182944,11
2183880,11
2184816,12
2185748,11
2186684,12
2187620,11
2188556,12
2189488,11
2190424,12
2191364,11
2192296,12
2193228,11
2194164,11
2195100,12
2196036,11
2196968,13
2197904,11
2198840,12
2199776,10
2200708,12
2201644,11
2202580,12
2203516,11
2204448,12
2205384,11
2206320,11
2207256,12
2208188,11
2209124,13
2210060,10
2210996,12
2211928,11
2212872,12
2213800,11
2214736,12
2215668,11
2216604,12
2217540,12
2218476,11
2219408,13
2220344,11
2221280,12
2222216,11
2223148,12
2224084,11
2225020,12
2225956,11
2226888,12
2227824,11
2228760,11
2229696,12
2230628,11
2231564,12
2232500,10
2233436,12
2234376,11
2235304,12
2236240,11
2237176,11
2238108,11
2239044,11
2239980,12
2240916,11
2241848,13
2242784,11
2243720,12
2244656,11
2245588,12
2246524,11
2247460,12
2248396,11
2249328,12
2250264,11
2251200,11
2252136,12
2253068,11
2254004,13
2254940,10
2255880,12
2256808,11
2257744,12
2258680,11
2259616,12
2260548,11
2261484,11
2262420,12
2263356,11
2264288,13
2265224,11
2266160,12
2267096,11
2268028,12
2268964,11
2269900,12
2270836,11
2271768,12
2272704,11
2273640,12
2274576,11
2275508,11
2276444,13
2277384,10
2278316,12
2279248,11
2280184,12
2281120,11
2282056,12
2282988,11
2283924,11
2284860,11
2285796,11
2286728,13
2287664,11
2288600,12
2289536,10
2290468,12
2291404,11
2292340,12
2293276,11
2294208,12
2295144,11
2296080,11
2297016,12
2297948,11
2298892,12
2299820,10
2300756,12
2301688,10
2302624,12
2303560,11
2304496,12
2305428,11
2306364,11
2307300,11
2308236,11
2309168,13
2310104,11
2311040,12
2311976,11
2312908,12
2313844,11
2314780,12
2315716,11
2316648,12
2317584,11
2318520,11
2319456,11
2320396,11
2321324,12
2322260,10
2323196,12
2324128,11
2325064,12
2326000,11
2326936,12
2327868,11
2328804,11
2329740,12
2330676,11
2331608,13
2332544,11
2333480,12
2334416,11
2335348,12
2336284,11
2337220,12
2338156,11
2339088,12
2340024,11
2340960,11
2341900,12
2342828,11
2343764,13
2344700,10
2345636,12
2346568,11
2347504,12
2348440,11
2349376,11
2350308,11
2351244,11
2352180,12
2353116,11
2354048,13
2354984,11
2355920,12
2356856,11
2357788,12
2358724,11
2359660,12
2360596,11
2361528,12
2362464,11
2363404,11
2364336,12
2365268,11
2366204,13
2367140,10
2368076,12
2369008,11
2369944,12
2370880,11
2371816,12
2372748,11
2373684,12
2374620,12
2375556,11
2376488,13
2377424,11
2378360,12
2379296,11
2380228,12
2381164,11
2382100,12
2383036,11
2383968,12
2384912,11
2385840,11
2386776,12
2387708,11
2388644,12
2389580,10
2390516,12
2391448,11
2392384,12
2393320,11
2394256,12
2395188,11
2396124,11
2397060,11
2397996,11
2398928,13
2399864,11
2400800,12
2401736,11
2402668,12
2403604,11
2404540,12
2405476,11
2406416,12
2407344,11
2408280,11
2409216,12
2410148,11
2411084,12
2412020,10
2412956,12
2413888,11
2414824,12
2415760,11
2416696,12
2417628,11
2418564,11
2419500,11
2420436,11
2421368,13
2422304,11
2423240,13
2424176,11
2425108,12
2426044,11
2426980,12
2427920,11
2428848,12
2429784,11
2430720,11
2431656,11
2432588,11
2433524,12
2434460,10
2435396,12
2436328,11
2437264,12
2438200,11
2439136,12
2440068,11
2441004,11
2441940,12
2442876,11
2443808,13
2444744,11
2445680,12
2446616,11
2447548,12
2448484,11
2449424,12
2450356,11
2451288,12
2452224,11
2453160,11
2454096,12
2455028,11
2455964,12
2456900,10
2457836,12
2458768,11
2459704,12
2460640,11
2461576,12
2462508,11
2463444,11
2464380,12
2465316,11
2466248,13
2467184,11
2468120,12
2469056,10
2469988,12
2470932,11
2471860,12
2472796,11
2473728,12
2474664,11
2475600,11
2476536,12
2477468,11
2478404,12
2479340,10
2480276,12
2481208,11
2482144,12
2483080,11
2484016,12
2484948,11
2485884,12
2486820,12
2487756,11
2488688,13
2489624,11
2490560,12
2491496,11
2492436,12
2493364,11
2494300,12
2495236,11
2496168,12
2497104,11
2498040,11
2498976,12
2499908,11
2500844,12
2501780,10
2502716,12
2503648,11
2504584,12
2505520,11
2506456,12
2507388,11
2508324,11
2509260,11
2510196,11
2511128,13
2512064,11
2513000,12
2513940,11
2514868,12
2515804,11
2516740,12
2517676,11
2518608,12
2519544,11
2520480,11
2521416,12
2522348,11
2523284,12
2524220,10
2525156,13
2526088,11
2527024,12
2527960,11
2528896,12
2529828,11
2530764,11
2531700,12
2532636,11
2533568,13
2534504,11
2535444,12
2536376,11
2537308,12
2538244,11
2539180,12
2540116,11
2541048,12
2541984,11
2542920,11
2543856,11
2544788,11
2545724,12
2546660,10
2547596,12
2548528,11
2549464,12
2550400,11
2551336,12
2552268,11
2553204,11
2554140,12
2555076,11
2556008,13
2556948,11
2557880,12
2558816,10
2559748,12
2560684,11
2561620,12
2562556,11
2563488,12
2564424,11
2565360,11
2566296,12
2567228,11
2568164,12
2569100,10
2570036,12
2570968,11
2571904,12
2572840,11
2573776,12
2574708,11
2575644,11
2576580,11
2577516,11
2578452,13
2579384,11
2580320,13
2581256,11
2582188,12
2583124,11
2584060,12
2584996,11
2585928,12
2586864,11
2587800,11
2588736,12
2589668,11
2590604,12
2591540,10
2592476,12
2593408,11
2594344,12
2595280,11
2596216,12
2597148,11
2598084,12
2599020,11
2599956,11
2600888,13
2601824,11
2602760,13
2603696,10
2604628,12
2605564,11
2606500,12
2607436,11
2608368,12
2609304,11
2610240,11
2611176,12
2612108,11
2613044,13
2613980,10
2614916,13
2615848,11
2616784,12
2617720,11
2618656,12
2619588,11
2620524,11
2621460,12
2622396,11
2623328,13
2624264,11
2625200,13
2626136,11
2627068,12
2628004,11
2628940,12
2629876,11
2630808,12
2631744,11
2632680,11
2633616,12
2634548,11
2635484,12
2636420,10
2637356,12
2638288,11
2639224,12
2640160,11
2641096,12
2642028,11
2642964,11
2643900,11
2644836,11
2645768,13
2646704,11
2647640,12
2648576,11
2649508,12
2650444,11
2651380,12
2652316,11
2653248,12
2654184,11
2655120,11
2656056,12
2656988,11
2657924,13
2658860,10
2659796,12
2660728,10
2661664,12
2662600,11
2663536,12
2664468,11
2665404,11
2666340,11
2667276,11
2668208,13
2669144,11
2670080,12
2671016,11
2671948,12
2672884,11
2673820,12
2674756,11
2675688,12
2676624,11
2677560,11
2678496,12
2679428,11
2680364,12
2681300,10
2682236,12
2683168,11
2684104,12
2685040,11
2685976,12
2686908,11
2687844,11
2688780,12
2689716,11
2690648,13
2691584,11
2692520,13
2693456,10
2694388,12
2695324,11
2696260,12
2697196,11
2
